"품목별(1)","품목별(2)","품목별(3)",시점,항목,데이터
"총액","소계","소계",2021. 11,수출액 (천달러),60411630
"총액","소계","소계",2021. 11,수입액 (천달러),57350539
"식품 및 산동물","소계","소계",2021. 11,수출액 (천달러),751220
"식품 및 산동물","소계","소계",2021. 11,수입액 (천달러),3021539
"식품 및 산동물","중분류 03의 동물을 제외한 산 동물","소계",2021. 11,수출액 (천달러),827
"식품 및 산동물","중분류 03의 동물을 제외한 산 동물","소계",2021. 11,수입액 (천달러),7097
"식품 및 산동물","중분류 03의 동물을 제외한 산 동물","중분류 03의 동물을 제외한 산 동물",2021. 11,수출액 (천달러),827
"식품 및 산동물","중분류 03의 동물을 제외한 산 동물","중분류 03의 동물을 제외한 산 동물",2021. 11,수입액 (천달러),7097
"식품 및 산동물","고기및 고기 조제품","소계",2021. 11,수출액 (천달러),12343
"식품 및 산동물","고기및 고기 조제품","소계",2021. 11,수입액 (천달러),585685
"식품 및 산동물","고기및 고기 조제품","쇠고기,신선,냉장 또는 냉동한 것",2021. 11,수출액 (천달러),284
"식품 및 산동물","고기및 고기 조제품","쇠고기,신선,냉장 또는 냉동한 것",2021. 11,수입액 (천달러),349636
"식품 및 산동물","고기및 고기 조제품","기타 고기 및 식용 설육,신선,냉장 또는 냉동한 것",2021. 11,수출액 (천달러),4890
"식품 및 산동물","고기및 고기 조제품","기타 고기 및 식용 설육,신선,냉장 또는 냉동한 것",2021. 11,수입액 (천달러),209528
"식품 및 산동물","고기및 고기 조제품","고기 및 실용석육,염장,염수장,건조 또는 훈제한 것",2021. 11,수출액 (천달러),5
"식품 및 산동물","고기및 고기 조제품","고기 및 실용석육,염장,염수장,건조 또는 훈제한 것",2021. 11,수입액 (천달러),2029
"식품 및 산동물","고기및 고기 조제품","달리 명시되지 않은 조제 또는 저장한 고기 및 설육",2021. 11,수출액 (천달러),7165
"식품 및 산동물","고기및 고기 조제품","달리 명시되지 않은 조제 또는 저장한 고기 및 설육",2021. 11,수입액 (천달러),24493
"식품 및 산동물","낙농품 및 새알","소계",2021. 11,수출액 (천달러),10024
"식품 및 산동물","낙농품 및 새알","소계",2021. 11,수입액 (천달러),115818
"식품 및 산동물","낙농품 및 새알","우유.크림 및 우유생산품(버터 및 치이즈 제외)",2021. 11,수출액 (천달러),8835
"식품 및 산동물","낙농품 및 새알","우유.크림 및 우유생산품(버터 및 치이즈 제외)",2021. 11,수입액 (천달러),39064
"식품 및 산동물","낙농품 및 새알","밀크에서 얻어진 버터 및 기타의 지와 유",2021. 11,수출액 (천달러),14
"식품 및 산동물","낙농품 및 새알","밀크에서 얻어진 버터 및 기타의 지와 유",2021. 11,수입액 (천달러),14458
"식품 및 산동물","낙농품 및 새알","치즈와 커드",2021. 11,수출액 (천달러),1175
"식품 및 산동물","낙농품 및 새알","치즈와 커드",2021. 11,수입액 (천달러),58447
"식품 및 산동물","낙농품 및 새알","새알 및 난황,신선,건조",2021. 11,수출액 (천달러),0
"식품 및 산동물","낙농품 및 새알","새알 및 난황,신선,건조",2021. 11,수입액 (천달러),3848
"식품 및 산동물","물고기,갑각류,연체동물 및 수생무척추동물","소계",2021. 11,수출액 (천달러),258219
"식품 및 산동물","물고기,갑각류,연체동물 및 수생무척추동물","소계",2021. 11,수입액 (천달러),599699
"식품 및 산동물","물고기,갑각류,연체동물 및 수생무척추동물","물고기,신선(산것 포함),냉장 또는 냉동한 것",2021. 11,수출액 (천달러),142305
"식품 및 산동물","물고기,갑각류,연체동물 및 수생무척추동물","물고기,신선(산것 포함),냉장 또는 냉동한 것",2021. 11,수입액 (천달러),276458
"식품 및 산동물","물고기,갑각류,연체동물 및 수생무척추동물","건조.염장.염수장 또는 훈제한 어류",2021. 11,수출액 (천달러),2046
"식품 및 산동물","물고기,갑각류,연체동물 및 수생무척추동물","건조.염장.염수장 또는 훈제한 어류",2021. 11,수입액 (천달러),12862
"식품 및 산동물","물고기,갑각류,연체동물 및 수생무척추동물","갑각류,연체동물 및 수생무척추동물",2021. 11,수출액 (천달러),19414
"식품 및 산동물","물고기,갑각류,연체동물 및 수생무척추동물","갑각류,연체동물 및 수생무척추동물",2021. 11,수입액 (천달러),162531
"식품 및 산동물","물고기,갑각류,연체동물 및 수생무척추동물","달리 명시되지 않은 어류,갑각류,연체동물,기타 수생무척추동물",2021. 11,수출액 (천달러),94454
"식품 및 산동물","물고기,갑각류,연체동물 및 수생무척추동물","달리 명시되지 않은 어류,갑각류,연체동물,기타 수생무척추동물",2021. 11,수입액 (천달러),147849
"식품 및 산동물","곡식 및 곡식가공품","소계",2021. 11,수출액 (천달러),62519
"식품 및 산동물","곡식 및 곡식가공품","소계",2021. 11,수입액 (천달러),551962
"식품 및 산동물","곡식 및 곡식가공품","밀(스펠트포함)과 메슬린.정미하지 않은 것",2021. 11,수입액 (천달러),169626
"식품 및 산동물","곡식 및 곡식가공품","쌀(벼포함)",2021. 11,수출액 (천달러),475
"식품 및 산동물","곡식 및 곡식가공품","쌀(벼포함)",2021. 11,수입액 (천달러),10179
"식품 및 산동물","곡식 및 곡식가공품","보리,도정되지 않은 것",2021. 11,수출액 (천달러),12
"식품 및 산동물","곡식 및 곡식가공품","보리,도정되지 않은 것",2021. 11,수입액 (천달러),912
"식품 및 산동물","곡식 및 곡식가공품","옥수수",2021. 11,수출액 (천달러),14
"식품 및 산동물","곡식 및 곡식가공품","옥수수",2021. 11,수입액 (천달러),297884
"식품 및 산동물","곡식 및 곡식가공품","곡물,제분하지 않은 것(밀,쌀,보리 및 옥수수 제외)",2021. 11,수출액 (천달러),81
"식품 및 산동물","곡식 및 곡식가공품","곡물,제분하지 않은 것(밀,쌀,보리 및 옥수수 제외)",2021. 11,수입액 (천달러),1973
"식품 및 산동물","곡식 및 곡식가공품","밀의 거친가루 및 고운가루와 메슬린의 고운가루",2021. 11,수출액 (천달러),2687
"식품 및 산동물","곡식 및 곡식가공품","밀의 거친가루 및 고운가루와 메슬린의 고운가루",2021. 11,수입액 (천달러),1029
"식품 및 산동물","곡식 및 곡식가공품","기타 곡물 거친가루 및 고운가루",2021. 11,수출액 (천달러),198
"식품 및 산동물","곡식 및 곡식가공품","기타 곡물 거친가루 및 고운가루",2021. 11,수입액 (천달러),940
"식품 및 산동물","곡식 및 곡식가공품","곡식가공품 및 곡분",2021. 11,수출액 (천달러),59052
"식품 및 산동물","곡식 및 곡식가공품","곡식가공품 및 곡분",2021. 11,수입액 (천달러),69420
"식품 및 산동물","채소 및 과실","소계",2021. 11,수출액 (천달러),95326
"식품 및 산동물","채소 및 과실","소계",2021. 11,수입액 (천달러),338669
"식품 및 산동물","채소 및 과실","채소,신선,냉장,냉동 또는 단순히 저장한 것",2021. 11,수출액 (천달러),14485
"식품 및 산동물","채소 및 과실","채소,신선,냉장,냉동 또는 단순히 저장한 것",2021. 11,수입액 (천달러),67158
"식품 및 산동물","채소 및 과실","달리 명시되지 않은 조제 및 저장한 채소,구근 및 괴경",2021. 11,수출액 (천달러),15642
"식품 및 산동물","채소 및 과실","달리 명시되지 않은 조제 및 저장한 채소,구근 및 괴경",2021. 11,수입액 (천달러),75303
"식품 및 산동물","채소 및 과실","과실 및 견과(기름용 견과 제외),신선 또는 건조한 것",2021. 11,수출액 (천달러),34941
"식품 및 산동물","채소 및 과실","과실 및 견과(기름용 견과 제외),신선 또는 건조한 것",2021. 11,수입액 (천달러),118565
"식품 및 산동물","채소 및 과실","저장과실과 과실조제품(과실쥬스는 제외)",2021. 11,수출액 (천달러),24797
"식품 및 산동물","채소 및 과실","저장과실과 과실조제품(과실쥬스는 제외)",2021. 11,수입액 (천달러),60626
"식품 및 산동물","채소 및 과실","과일쥬스(포도즙 포함)와 채소 쥬스",2021. 11,수출액 (천달러),5461
"식품 및 산동물","채소 및 과실","과일쥬스(포도즙 포함)와 채소 쥬스",2021. 11,수입액 (천달러),17017
"식품 및 산동물","설탕,설탕조제품 및 벌꿀","소계",2021. 11,수출액 (천달러),32387
"식품 및 산동물","설탕,설탕조제품 및 벌꿀","소계",2021. 11,수입액 (천달러),137666
"식품 및 산동물","설탕,설탕조제품 및 벌꿀","설탕,당밀과 벌꿀",2021. 11,수출액 (천달러),23045
"식품 및 산동물","설탕,설탕조제품 및 벌꿀","설탕,당밀과 벌꿀",2021. 11,수입액 (천달러),117746
"식품 및 산동물","설탕,설탕조제품 및 벌꿀","설탕과자",2021. 11,수출액 (천달러),9342
"식품 및 산동물","설탕,설탕조제품 및 벌꿀","설탕과자",2021. 11,수입액 (천달러),19919
"식품 및 산동물","커피,차,코코아,향신료 및 동제품","소계",2021. 11,수출액 (천달러),35628
"식품 및 산동물","커피,차,코코아,향신료 및 동제품","소계",2021. 11,수입액 (천달러),165964
"식품 및 산동물","커피,차,코코아,향신료 및 동제품","커피 및 커피대용품",2021. 11,수출액 (천달러),22238
"식품 및 산동물","커피,차,코코아,향신료 및 동제품","커피 및 커피대용품",2021. 11,수입액 (천달러),109333
"식품 및 산동물","커피,차,코코아,향신료 및 동제품","코코아",2021. 11,수출액 (천달러),80
"식품 및 산동물","커피,차,코코아,향신료 및 동제품","코코아",2021. 11,수입액 (천달러),6633
"식품 및 산동물","커피,차,코코아,향신료 및 동제품","달리 명시되지 않은 초코렛과 코코아를 함유한 기타 조제식료품",2021. 11,수출액 (천달러),7099
"식품 및 산동물","커피,차,코코아,향신료 및 동제품","달리 명시되지 않은 초코렛과 코코아를 함유한 기타 조제식료품",2021. 11,수입액 (천달러),36746
"식품 및 산동물","커피,차,코코아,향신료 및 동제품","차와 마태",2021. 11,수출액 (천달러),3311
"식품 및 산동물","커피,차,코코아,향신료 및 동제품","차와 마태",2021. 11,수입액 (천달러),5208
"식품 및 산동물","커피,차,코코아,향신료 및 동제품","향신료",2021. 11,수출액 (천달러),2899
"식품 및 산동물","커피,차,코코아,향신료 및 동제품","향신료",2021. 11,수입액 (천달러),8044
"식품 및 산동물","동물사료","소계",2021. 11,수출액 (천달러),29666
"식품 및 산동물","동물사료","소계",2021. 11,수입액 (천달러),260963
"식품 및 산동물","동물사료","동물사료",2021. 11,수출액 (천달러),29666
"식품 및 산동물","동물사료","동물사료",2021. 11,수입액 (천달러),260963
"식품 및 산동물","기타 식용제품 및 조제품","소계",2021. 11,수출액 (천달러),214281
"식품 및 산동물","기타 식용제품 및 조제품","소계",2021. 11,수입액 (천달러),258016
"식품 및 산동물","기타 식용제품 및 조제품","마아가린  및 쇼트닝",2021. 11,수출액 (천달러),1477
"식품 및 산동물","기타 식용제품 및 조제품","마아가린  및 쇼트닝",2021. 11,수입액 (천달러),12949
"식품 및 산동물","기타 식용제품 및 조제품","달리 명시되지 않은 식용제품 및 조제품",2021. 11,수출액 (천달러),212805
"식품 및 산동물","기타 식용제품 및 조제품","달리 명시되지 않은 식용제품 및 조제품",2021. 11,수입액 (천달러),245067
"음료 및 담배","소계","소계",2021. 11,수출액 (천달러),162036
"음료 및 담배","소계","소계",2021. 11,수입액 (천달러),146849
"음료 및 담배","음료","소계",2021. 11,수출액 (천달러),75200
"음료 및 담배","음료","소계",2021. 11,수입액 (천달러),111005
"음료 및 담배","음료","달리 명시되지 않은 비알콜성음료",2021. 11,수출액 (천달러),51175
"음료 및 담배","음료","달리 명시되지 않은 비알콜성음료",2021. 11,수입액 (천달러),12624
"음료 및 담배","음료","알콜성 음료",2021. 11,수출액 (천달러),24025
"음료 및 담배","음료","알콜성 음료",2021. 11,수입액 (천달러),98381
"음료 및 담배","담배 및 담배제품","소계",2021. 11,수출액 (천달러),86836
"음료 및 담배","담배 및 담배제품","소계",2021. 11,수입액 (천달러),35844
"음료 및 담배","담배 및 담배제품","잎담배 및 담배 부산물",2021. 11,수출액 (천달러),945
"음료 및 담배","담배 및 담배제품","잎담배 및 담배 부산물",2021. 11,수입액 (천달러),18254
"음료 및 담배","담배 및 담배제품","제조담배",2021. 11,수출액 (천달러),85891
"음료 및 담배","담배 및 담배제품","제조담배",2021. 11,수입액 (천달러),17590
"비식용원재료(연료제외)","소계","소계",2021. 11,수출액 (천달러),775383
"비식용원재료(연료제외)","소계","소계",2021. 11,수입액 (천달러),3653844
"비식용원재료(연료제외)","원피 및 모피","소계",2021. 11,수출액 (천달러),96
"비식용원재료(연료제외)","원피 및 모피","소계",2021. 11,수입액 (천달러),14550
"비식용원재료(연료제외)","원피 및 모피","원피(모피제외)",2021. 11,수출액 (천달러),96
"비식용원재료(연료제외)","원피 및 모피","원피(모피제외)",2021. 11,수입액 (천달러),13739
"비식용원재료(연료제외)","원피 및 모피","생모피",2021. 11,수입액 (천달러),811
"비식용원재료(연료제외)","기름용씨 및 기름함유 열매","소계",2021. 11,수출액 (천달러),293
"비식용원재료(연료제외)","기름용씨 및 기름함유 열매","소계",2021. 11,수입액 (천달러),105796
"비식용원재료(연료제외)","기름용씨 및 기름함유 열매","기름용씨및 식물성기름 추출용의 것",2021. 11,수출액 (천달러),103
"비식용원재료(연료제외)","기름용씨 및 기름함유 열매","기름용씨및 식물성기름 추출용의 것",2021. 11,수입액 (천달러),78823
"비식용원재료(연료제외)","기름용씨 및 기름함유 열매","기타 기름용씨 및 기름함유 열매",2021. 11,수출액 (천달러),190
"비식용원재료(연료제외)","기름용씨 및 기름함유 열매","기타 기름용씨 및 기름함유 열매",2021. 11,수입액 (천달러),26974
"비식용원재료(연료제외)","생고무(합성 및 재생고무 포함)","소계",2021. 11,수출액 (천달러),312528
"비식용원재료(연료제외)","생고무(합성 및 재생고무 포함)","소계",2021. 11,수입액 (천달러),85653
"비식용원재료(연료제외)","생고무(합성 및 재생고무 포함)","천연고무,발라타.구타페으카.가이율.치클 및 이와 유사한 천연검",2021. 11,수출액 (천달러),122
"비식용원재료(연료제외)","생고무(합성 및 재생고무 포함)","천연고무,발라타.구타페으카.가이율.치클 및 이와 유사한 천연검",2021. 11,수입액 (천달러),46960
"비식용원재료(연료제외)","생고무(합성 및 재생고무 포함)","합성고무,재생고무",2021. 11,수출액 (천달러),312405
"비식용원재료(연료제외)","생고무(합성 및 재생고무 포함)","합성고무,재생고무",2021. 11,수입액 (천달러),38693
"비식용원재료(연료제외)","콜크 및 나무","소계",2021. 11,수출액 (천달러),1181
"비식용원재료(연료제외)","콜크 및 나무","소계",2021. 11,수입액 (천달러),198126
"비식용원재료(연료제외)","콜크 및 나무","천연콜크및 천연콜크찌꺼기",2021. 11,수출액 (천달러),51
"비식용원재료(연료제외)","콜크 및 나무","천연콜크및 천연콜크찌꺼기",2021. 11,수입액 (천달러),51
"비식용원재료(연료제외)","콜크 및 나무","연료용 나무(나무찌꺼기 제외) 및 숯",2021. 11,수출액 (천달러),11
"비식용원재료(연료제외)","콜크 및 나무","연료용 나무(나무찌꺼기 제외) 및 숯",2021. 11,수입액 (천달러),8077
"비식용원재료(연료제외)","콜크 및 나무","나무(칩상 또는 삭편상)및 나무찌꺼기",2021. 11,수출액 (천달러),8
"비식용원재료(연료제외)","콜크 및 나무","나무(칩상 또는 삭편상)및 나무찌꺼기",2021. 11,수입액 (천달러),53132
"비식용원재료(연료제외)","콜크 및 나무","원목",2021. 11,수출액 (천달러),21
"비식용원재료(연료제외)","콜크 및 나무","원목",2021. 11,수입액 (천달러),42431
"비식용원재료(연료제외)","콜크 및 나무","간단히 가공한 나무 및 철도용 침목",2021. 11,수출액 (천달러),1090
"비식용원재료(연료제외)","콜크 및 나무","간단히 가공한 나무 및 철도용 침목",2021. 11,수입액 (천달러),94434
"비식용원재료(연료제외)","펄프 및 폐지","소계",2021. 11,수출액 (천달러),9512
"비식용원재료(연료제외)","펄프 및 폐지","소계",2021. 11,수입액 (천달러),145891
"비식용원재료(연료제외)","펄프 및 폐지","펄프 및 폐지",2021. 11,수출액 (천달러),9512
"비식용원재료(연료제외)","펄프 및 폐지","펄프 및 폐지",2021. 11,수입액 (천달러),145891
"비식용원재료(연료제외)","섬유 및 그 웨이스트","소계",2021. 11,수출액 (천달러),151973
"비식용원재료(연료제외)","섬유 및 그 웨이스트","소계",2021. 11,수입액 (천달러),49079
"비식용원재료(연료제외)","섬유 및 그 웨이스트","견",2021. 11,수출액 (천달러),28
"비식용원재료(연료제외)","섬유 및 그 웨이스트","견",2021. 11,수입액 (천달러),268
"비식용원재료(연료제외)","섬유 및 그 웨이스트","면",2021. 11,수출액 (천달러),1241
"비식용원재료(연료제외)","섬유 및 그 웨이스트","면",2021. 11,수입액 (천달러),21059
"비식용원재료(연료제외)","섬유 및 그 웨이스트","달리명시되지 않은 황마와 기타의 방직용 인피섬유",2021. 11,수입액 (천달러),509
"비식용원재료(연료제외)","섬유 및 그 웨이스트","식물성 섬유 : 동섬유의 부스러기",2021. 11,수출액 (천달러),2
"비식용원재료(연료제외)","섬유 및 그 웨이스트","식물성 섬유 : 동섬유의 부스러기",2021. 11,수입액 (천달러),173
"비식용원재료(연료제외)","섬유 및 그 웨이스트","방적에 적합한 합성섬유",2021. 11,수출액 (천달러),112860
"비식용원재료(연료제외)","섬유 및 그 웨이스트","방적에 적합한 합성섬유",2021. 11,수입액 (천달러),4290
"비식용원재료(연료제외)","섬유 및 그 웨이스트","방적에 적합한 기타 인공섬유",2021. 11,수출액 (천달러),6095
"비식용원재료(연료제외)","섬유 및 그 웨이스트","방적에 적합한 기타 인공섬유",2021. 11,수입액 (천달러),9614
"비식용원재료(연료제외)","섬유 및 그 웨이스트","양모 및 기타 수모(양모톱 제외)",2021. 11,수입액 (천달러),10586
"비식용원재료(연료제외)","섬유 및 그 웨이스트","낡은 의류 및 기타 낡은 섬유제품 : 넝마",2021. 11,수출액 (천달러),31747
"비식용원재료(연료제외)","섬유 및 그 웨이스트","낡은 의류 및 기타 낡은 섬유제품 : 넝마",2021. 11,수입액 (천달러),2579
"비식용원재료(연료제외)","미가공 비료 및 미가공 광물","소계",2021. 11,수출액 (천달러),45701
"비식용원재료(연료제외)","미가공 비료 및 미가공 광물","소계",2021. 11,수입액 (천달러),112130
"비식용원재료(연료제외)","미가공 비료 및 미가공 광물","미가공비료(56항의 것 제외)",2021. 11,수출액 (천달러),1733
"비식용원재료(연료제외)","미가공 비료 및 미가공 광물","미가공비료(56항의 것 제외)",2021. 11,수입액 (천달러),4951
"비식용원재료(연료제외)","미가공 비료 및 미가공 광물","돌,모래 및 자갈",2021. 11,수출액 (천달러),2194
"비식용원재료(연료제외)","미가공 비료 및 미가공 광물","돌,모래 및 자갈",2021. 11,수입액 (천달러),13330
"비식용원재료(연료제외)","미가공 비료 및 미가공 광물","유황 및 하소하지 않은 황하철광",2021. 11,수출액 (천달러),26988
"비식용원재료(연료제외)","미가공 비료 및 미가공 광물","유황 및 하소하지 않은 황하철광",2021. 11,수입액 (천달러),1861
"비식용원재료(연료제외)","미가공 비료 및 미가공 광물","달리 명시되지 않은 천연연마재(공업용 다이아몬드 포함)",2021. 11,수출액 (천달러),2302
"비식용원재료(연료제외)","미가공 비료 및 미가공 광물","달리 명시되지 않은 천연연마재(공업용 다이아몬드 포함)",2021. 11,수입액 (천달러),6286
"비식용원재료(연료제외)","미가공 비료 및 미가공 광물","기타 미가공 광물",2021. 11,수출액 (천달러),12484
"비식용원재료(연료제외)","미가공 비료 및 미가공 광물","기타 미가공 광물",2021. 11,수입액 (천달러),85701
"비식용원재료(연료제외)","금속성 광석 및 금속 부스러기","소계",2021. 11,수출액 (천달러),207650
"비식용원재료(연료제외)","금속성 광석 및 금속 부스러기","소계",2021. 11,수입액 (천달러),2841549
"비식용원재료(연료제외)","금속성 광석 및 금속 부스러기","철광석 및 정광",2021. 11,수출액 (천달러),261
"비식용원재료(연료제외)","금속성 광석 및 금속 부스러기","철광석 및 정광",2021. 11,수입액 (천달러),972038
"비식용원재료(연료제외)","금속성 광석 및 금속 부스러기","철의 웨이스트와 스크랩 및 철강의 재용해용 잉곳",2021. 11,수출액 (천달러),28684
"비식용원재료(연료제외)","금속성 광석 및 금속 부스러기","철의 웨이스트와 스크랩 및 철강의 재용해용 잉곳",2021. 11,수입액 (천달러),252010
"비식용원재료(연료제외)","금속성 광석 및 금속 부스러기","동광석 및 정광 : 동매트 시멘트동",2021. 11,수출액 (천달러),103825
"비식용원재료(연료제외)","금속성 광석 및 금속 부스러기","동광석 및 정광 : 동매트 시멘트동",2021. 11,수입액 (천달러),551927
"비식용원재료(연료제외)","금속성 광석 및 금속 부스러기","니켈광석 및 정광 : 니켈매트,니켈신터",2021. 11,수출액 (천달러),395
"비식용원재료(연료제외)","금속성 광석 및 금속 부스러기","니켈광석 및 정광 : 니켈매트,니켈신터",2021. 11,수입액 (천달러),46624
"비식용원재료(연료제외)","금속성 광석 및 금속 부스러기","알루미늄광과 그 정광",2021. 11,수출액 (천달러),3698
"비식용원재료(연료제외)","금속성 광석 및 금속 부스러기","알루미늄광과 그 정광",2021. 11,수입액 (천달러),15199
"비식용원재료(연료제외)","금속성 광석 및 금속 부스러기","달리 명시되지 않은 금속의 광석 및 정광(귀금속 제외)",2021. 11,수출액 (천달러),12436
"비식용원재료(연료제외)","금속성 광석 및 금속 부스러기","달리 명시되지 않은 금속의 광석 및 정광(귀금속 제외)",2021. 11,수입액 (천달러),441754
"비식용원재료(연료제외)","금속성 광석 및 금속 부스러기","달리 명시되지 않는 비철금속의 웨이스트",2021. 11,수출액 (천달러),21147
"비식용원재료(연료제외)","금속성 광석 및 금속 부스러기","달리 명시되지 않는 비철금속의 웨이스트",2021. 11,수입액 (천달러),430880
"비식용원재료(연료제외)","금속성 광석 및 금속 부스러기","귀금속의 광석 및 정광 : 귀금속의 웨이스트",2021. 11,수출액 (천달러),37206
"비식용원재료(연료제외)","금속성 광석 및 금속 부스러기","귀금속의 광석 및 정광 : 귀금속의 웨이스트",2021. 11,수입액 (천달러),131119
"비식용원재료(연료제외)","달리 명시되지 않은 미가공 동식물성 물질","소계",2021. 11,수출액 (천달러),46451
"비식용원재료(연료제외)","달리 명시되지 않은 미가공 동식물성 물질","소계",2021. 11,수입액 (천달러),101069
"비식용원재료(연료제외)","달리 명시되지 않은 미가공 동식물성 물질","달리 명시되지 않은 미가동 동물성 물질",2021. 11,수출액 (천달러),5573
"비식용원재료(연료제외)","달리 명시되지 않은 미가공 동식물성 물질","달리 명시되지 않은 미가동 동물성 물질",2021. 11,수입액 (천달러),34342
"비식용원재료(연료제외)","달리 명시되지 않은 미가공 동식물성 물질","달리 명시되지 않은 미가공 식물성 물질",2021. 11,수출액 (천달러),40877
"비식용원재료(연료제외)","달리 명시되지 않은 미가공 동식물성 물질","달리 명시되지 않은 미가공 식물성 물질",2021. 11,수입액 (천달러),66727
"광물성연료,윤활유 및 관련물질","소계","소계",2021. 11,수출액 (천달러),4225141
"광물성연료,윤활유 및 관련물질","소계","소계",2021. 11,수입액 (천달러),14606766
"광물성연료,윤활유 및 관련물질","석탄,코크 및 연탄","소계",2021. 11,수출액 (천달러),323
"광물성연료,윤활유 및 관련물질","석탄,코크 및 연탄","소계",2021. 11,수입액 (천달러),1965509
"광물성연료,윤활유 및 관련물질","석탄,코크 및 연탄","석탄",2021. 11,수출액 (천달러),59
"광물성연료,윤활유 및 관련물질","석탄,코크 및 연탄","석탄",2021. 11,수입액 (천달러),1940695
"광물성연료,윤활유 및 관련물질","석탄,코크 및 연탄","석탄,갈탄 및 토탄",2021. 11,수출액 (천달러),9
"광물성연료,윤활유 및 관련물질","석탄,코크 및 연탄","석탄,갈탄 및 토탄",2021. 11,수입액 (천달러),5451
"광물성연료,윤활유 및 관련물질","석탄,코크 및 연탄","석탄,갈탄,또는 토탄의 코크 및 반성코크 : 분류카아본",2021. 11,수출액 (천달러),255
"광물성연료,윤활유 및 관련물질","석탄,코크 및 연탄","석탄,갈탄,또는 토탄의 코크 및 반성코크 : 분류카아본",2021. 11,수입액 (천달러),19364
"광물성연료,윤활유 및 관련물질","석유,석유제품 및 관련물질","소계",2021. 11,수출액 (천달러),4070347
"광물성연료,윤활유 및 관련물질","석유,석유제품 및 관련물질","소계",2021. 11,수입액 (천달러),8996777
"광물성연료,윤활유 및 관련물질","석유,석유제품 및 관련물질","원유 및 역청질 광물원유",2021. 11,수입액 (천달러),6618609
"광물성연료,윤활유 및 관련물질","석유,석유제품 및 관련물질","석유와 역청유(원유를 제외) 및 이들의 조제품",2021. 11,수출액 (천달러),3821783
"광물성연료,윤활유 및 관련물질","석유,석유제품 및 관련물질","석유와 역청유(원유를 제외) 및 이들의 조제품",2021. 11,수입액 (천달러),2244628
"광물성연료,윤활유 및 관련물질","석유,석유제품 및 관련물질","달리 명시되지 않은 않은 잔여 석유생산물 및 관련물질",2021. 11,수출액 (천달러),248564
"광물성연료,윤활유 및 관련물질","석유,석유제품 및 관련물질","달리 명시되지 않은 않은 잔여 석유생산물 및 관련물질",2021. 11,수입액 (천달러),133540
"광물성연료,윤활유 및 관련물질","천연가스 및 제조가스","소계",2021. 11,수출액 (천달러),154471
"광물성연료,윤활유 및 관련물질","천연가스 및 제조가스","소계",2021. 11,수입액 (천달러),3644479
"광물성연료,윤활유 및 관련물질","천연가스 및 제조가스","액화프로판 및 부탄",2021. 11,수출액 (천달러),35004
"광물성연료,윤활유 및 관련물질","천연가스 및 제조가스","액화프로판 및 부탄",2021. 11,수입액 (천달러),547195
"광물성연료,윤활유 및 관련물질","천연가스 및 제조가스","천연개스",2021. 11,수출액 (천달러),110348
"광물성연료,윤활유 및 관련물질","천연가스 및 제조가스","천연개스",2021. 11,수입액 (천달러),3093881
"광물성연료,윤활유 및 관련물질","천연가스 및 제조가스","기타 석유가스 및 달리 명시되지 않은 기타 가스성 탄화수소",2021. 11,수출액 (천달러),9020
"광물성연료,윤활유 및 관련물질","천연가스 및 제조가스","기타 석유가스 및 달리 명시되지 않은 기타 가스성 탄화수소",2021. 11,수입액 (천달러),3403
"광물성연료,윤활유 및 관련물질","천연가스 및 제조가스","석탄가스,수성가스,발생로가스 및 유사가스",2021. 11,수출액 (천달러),99
"동식물성유지 및 왁스","소계","소계",2021. 11,수출액 (천달러),8248
"동식물성유지 및 왁스","소계","소계",2021. 11,수입액 (천달러),196395
"동식물성유지 및 왁스","동물성 유지","소계",2021. 11,수출액 (천달러),2865
"동식물성유지 및 왁스","동물성 유지","소계",2021. 11,수입액 (천달러),4814
"동식물성유지 및 왁스","동물성 유지","동물성 유지",2021. 11,수출액 (천달러),2865
"동식물성유지 및 왁스","동물성 유지","동물성 유지",2021. 11,수입액 (천달러),4814
"동식물성유지 및 왁스","불휘발성 식물성기름,조유,정제 또는 분획된 것","소계",2021. 11,수출액 (천달러),2995
"동식물성유지 및 왁스","불휘발성 식물성기름,조유,정제 또는 분획된 것","소계",2021. 11,수입액 (천달러),175880
"동식물성유지 및 왁스","불휘발성 식물성기름,조유,정제 또는 분획된 것","연성불휘발성 식물성기름",2021. 11,수출액 (천달러),2608
"동식물성유지 및 왁스","불휘발성 식물성기름,조유,정제 또는 분획된 것","연성불휘발성 식물성기름",2021. 11,수입액 (천달러),109693
"동식물성유지 및 왁스","불휘발성 식물성기름,조유,정제 또는 분획된 것","불휘발성의 식물성유지,가공하지 않은것,조상,정제 또는 분별한것",2021. 11,수출액 (천달러),387
"동식물성유지 및 왁스","불휘발성 식물성기름,조유,정제 또는 분획된 것","불휘발성의 식물성유지,가공하지 않은것,조상,정제 또는 분별한것",2021. 11,수입액 (천달러),66187
"동식물성유지 및 왁스","달리 분류되지 않은 동식물성유지,처리한 것","소계",2021. 11,수출액 (천달러),2388
"동식물성유지 및 왁스","달리 분류되지 않은 동식물성유지,처리한 것","소계",2021. 11,수입액 (천달러),15701
"동식물성유지 및 왁스","달리 분류되지 않은 동식물성유지,처리한 것","달리 분류되지 않은 동식물성유지,처리한 것,왁스",2021. 11,수출액 (천달러),2388
"동식물성유지 및 왁스","달리 분류되지 않은 동식물성유지,처리한 것","달리 분류되지 않은 동식물성유지,처리한 것,왁스",2021. 11,수입액 (천달러),15701
"화학물 및 관련제품","소계","소계",2021. 11,수출액 (천달러),8855418
"화학물 및 관련제품","소계","소계",2021. 11,수입액 (천달러),5898254
"화학물 및 관련제품","유기화학물","소계",2021. 11,수출액 (천달러),2133115
"화학물 및 관련제품","유기화학물","소계",2021. 11,수입액 (천달러),1492070
"화학물 및 관련제품","유기화학물","달리 명시되지 않은 탄화수소 및 그 유도체",2021. 11,수출액 (천달러),1202888
"화학물 및 관련제품","유기화학물","달리 명시되지 않은 탄화수소 및 그 유도체",2021. 11,수입액 (천달러),221427
"화학물 및 관련제품","유기화학물","알콜,페놀-알콜 및 그들의 할로겐화",2021. 11,수출액 (천달러),175933
"화학물 및 관련제품","유기화학물","알콜,페놀-알콜 및 그들의 할로겐화",2021. 11,수입액 (천달러),353843
"화학물 및 관련제품","유기화학물","카르복시산과 그들의 무수물.할로겐화물.과산화물과 과산화산",2021. 11,수출액 (천달러),332468
"화학물 및 관련제품","유기화학물","카르복시산과 그들의 무수물.할로겐화물.과산화물과 과산화산",2021. 11,수입액 (천달러),167018
"화학물 및 관련제품","유기화학물","질소관능화합물",2021. 11,수출액 (천달러),196449
"화학물 및 관련제품","유기화학물","질소관능화합물",2021. 11,수입액 (천달러),269430
"화학물 및 관련제품","유기화학물","유기-무기화합물,헤테르고리화합물,헥산",2021. 11,수출액 (천달러),125195
"화학물 및 관련제품","유기화학물","유기-무기화합물,헤테르고리화합물,헥산",2021. 11,수입액 (천달러),327233
"화학물 및 관련제품","유기화학물","기타 유기화합물",2021. 11,수출액 (천달러),100183
"화학물 및 관련제품","유기화학물","기타 유기화합물",2021. 11,수입액 (천달러),153119
"화학물 및 관련제품","무기화학물","소계",2021. 11,수출액 (천달러),673605
"화학물 및 관련제품","무기화학물","소계",2021. 11,수입액 (천달러),1112111
"화학물 및 관련제품","무기화학물","무기화학원소,산화물 및 할로겐염",2021. 11,수출액 (천달러),181301
"화학물 및 관련제품","무기화학물","무기화학원소,산화물 및 할로겐염",2021. 11,수입액 (천달러),629689
"화학물 및 관련제품","무기화학물","무기산의 금속염 및 과산화염",2021. 11,수출액 (천달러),84426
"화학물 및 관련제품","무기화학물","무기산의 금속염 및 과산화염",2021. 11,수입액 (천달러),145861
"화학물 및 관련제품","무기화학물","기타 무기화학물",2021. 11,수출액 (천달러),404390
"화학물 및 관련제품","무기화학물","기타 무기화학물",2021. 11,수입액 (천달러),162523
"화학물 및 관련제품","무기화학물","방사선 및 관련물질",2021. 11,수출액 (천달러),3489
"화학물 및 관련제품","무기화학물","방사선 및 관련물질",2021. 11,수입액 (천달러),174037
"화학물 및 관련제품","염료,유연제 및 착색제","소계",2021. 11,수출액 (천달러),285758
"화학물 및 관련제품","염료,유연제 및 착색제","소계",2021. 11,수입액 (천달러),264933
"화학물 및 관련제품","염료,유연제 및 착색제","합성유기착색제와 그 조제품",2021. 11,수출액 (천달러),75685
"화학물 및 관련제품","염료,유연제 및 착색제","합성유기착색제와 그 조제품",2021. 11,수입액 (천달러),106859
"화학물 및 관련제품","염료,유연제 및 착색제","염료,유연제엑스 및 합성유연제",2021. 11,수출액 (천달러),1995
"화학물 및 관련제품","염료,유연제 및 착색제","염료,유연제엑스 및 합성유연제",2021. 11,수입액 (천달러),7218
"화학물 및 관련제품","염료,유연제 및 착색제","안료,페인트 니스 및 관련물질",2021. 11,수출액 (천달러),208078
"화학물 및 관련제품","염료,유연제 및 착색제","안료,페인트 니스 및 관련물질",2021. 11,수입액 (천달러),150856
"화학물 및 관련제품","의약품 및 약제제품","소계",2021. 11,수출액 (천달러),721222
"화학물 및 관련제품","의약품 및 약제제품","소계",2021. 11,수입액 (천달러),944015
"화학물 및 관련제품","의약품 및 약제제품","의약품 및 약제제품(542항 의약품 제외)",2021. 11,수출액 (천달러),646270
"화학물 및 관련제품","의약품 및 약제제품","의약품 및 약제제품(542항 의약품 제외)",2021. 11,수입액 (천달러),520657
"화학물 및 관련제품","의약품 및 약제제품","의약품(수의약품 포함)",2021. 11,수출액 (천달러),74952
"화학물 및 관련제품","의약품 및 약제제품","의약품(수의약품 포함)",2021. 11,수입액 (천달러),423357
"화학물 및 관련제품","정유 및 향료","소계",2021. 11,수출액 (천달러),970629
"화학물 및 관련제품","정유 및 향료","소계",2021. 11,수입액 (천달러),238747
"화학물 및 관련제품","정유 및 향료","정유 및 향료",2021. 11,수출액 (천달러),3383
"화학물 및 관련제품","정유 및 향료","정유 및 향료",2021. 11,수입액 (천달러),27065
"화학물 및 관련제품","정유 및 향료","향수 및 화장품,화장용품(비누제외)",2021. 11,수출액 (천달러),863901
"화학물 및 관련제품","정유 및 향료","향수 및 화장품,화장용품(비누제외)",2021. 11,수입액 (천달러),137745
"화학물 및 관련제품","정유 및 향료","비누,세척 및 광택제",2021. 11,수출액 (천달러),103345
"화학물 및 관련제품","정유 및 향료","비누,세척 및 광택제",2021. 11,수입액 (천달러),73937
"화학물 및 관련제품","비료","소계",2021. 11,수출액 (천달러),34215
"화학물 및 관련제품","비료","소계",2021. 11,수입액 (천달러),65462
"화학물 및 관련제품","비료","비료(272항의 것 제외)",2021. 11,수출액 (천달러),34215
"화학물 및 관련제품","비료","비료(272항의 것 제외)",2021. 11,수입액 (천달러),65462
"화학물 및 관련제품","플라스틱(원료형태의 것)","소계",2021. 11,수출액 (천달러),2587798
"화학물 및 관련제품","플라스틱(원료형태의 것)","소계",2021. 11,수입액 (천달러),546396
"화학물 및 관련제품","플라스틱(원료형태의 것)","에틸렌의 중합체(일차제품의 것)",2021. 11,수출액 (천달러),611515
"화학물 및 관련제품","플라스틱(원료형태의 것)","에틸렌의 중합체(일차제품의 것)",2021. 11,수입액 (천달러),46217
"화학물 및 관련제품","플라스틱(원료형태의 것)","스티렌의 중합체(일차제품의 것)",2021. 11,수출액 (천달러),320086
"화학물 및 관련제품","플라스틱(원료형태의 것)","스티렌의 중합체(일차제품의 것)",2021. 11,수입액 (천달러),16955
"화학물 및 관련제품","플라스틱(원료형태의 것)","염화비닐의 중합체 또는 할로겐화올레 핀의 중합체(1차제품의 것)",2021. 11,수출액 (천달러),73342
"화학물 및 관련제품","플라스틱(원료형태의 것)","염화비닐의 중합체 또는 할로겐화올레 핀의 중합체(1차제품의 것)",2021. 11,수입액 (천달러),44155
"화학물 및 관련제품","플라스틱(원료형태의 것)","아세탈수지.기타 폴리에테르와 에폭시 수지",2021. 11,수출액 (천달러),638787
"화학물 및 관련제품","플라스틱(원료형태의 것)","아세탈수지.기타 폴리에테르와 에폭시 수지",2021. 11,수입액 (천달러),126070
"화학물 및 관련제품","플라스틱(원료형태의 것)","기타 프라스틱(일차제품의 것)",2021. 11,수출액 (천달러),942442
"화학물 및 관련제품","플라스틱(원료형태의 것)","기타 프라스틱(일차제품의 것)",2021. 11,수입액 (천달러),310312
"화학물 및 관련제품","플라스틱(원료형태의 것)","플라스틱의 웨이스트.페어링과 스크램",2021. 11,수출액 (천달러),1627
"화학물 및 관련제품","플라스틱(원료형태의 것)","플라스틱의 웨이스트.페어링과 스크램",2021. 11,수입액 (천달러),2685
"화학물 및 관련제품","원료형태가 아닌 플라스틱","소계",2021. 11,수출액 (천달러),684149
"화학물 및 관련제품","원료형태가 아닌 플라스틱","소계",2021. 11,수입액 (천달러),389582
"화학물 및 관련제품","원료형태가 아닌 플라스틱","플라스틱의 관.파이프 및 호오스",2021. 11,수출액 (천달러),32740
"화학물 및 관련제품","원료형태가 아닌 플라스틱","플라스틱의 관.파이프 및 호오스",2021. 11,수입액 (천달러),27931
"화학물 및 관련제품","원료형태가 아닌 플라스틱","플라스틱제의 판,쉬이트,필름,박 및 스트¿",2021. 11,수출액 (천달러),646210
"화학물 및 관련제품","원료형태가 아닌 플라스틱","플라스틱제의 판,쉬이트,필름,박 및 스트¿",2021. 11,수입액 (천달러),355613
"화학물 및 관련제품","원료형태가 아닌 플라스틱","플라스틱의 모노필라멘트",2021. 11,수출액 (천달러),5199
"화학물 및 관련제품","원료형태가 아닌 플라스틱","플라스틱의 모노필라멘트",2021. 11,수입액 (천달러),6038
"화학물 및 관련제품","달리 명시되지 않은 화학물질 및 제품","소계",2021. 11,수출액 (천달러),764926
"화학물 및 관련제품","달리 명시되지 않은 화학물질 및 제품","소계",2021. 11,수입액 (천달러),844939
"화학물 및 관련제품","달리 명시되지 않은 화학물질 및 제품","살충제.살서제(쥐약).살균제",2021. 11,수출액 (천달러),64701
"화학물 및 관련제품","달리 명시되지 않은 화학물질 및 제품","살충제.살서제(쥐약).살균제",2021. 11,수입액 (천달러),27042
"화학물 및 관련제품","달리 명시되지 않은 화학물질 및 제품","전분,이눌린 및 글루우텐,단백질,물질 아교",2021. 11,수출액 (천달러),79900
"화학물 및 관련제품","달리 명시되지 않은 화학물질 및 제품","전분,이눌린 및 글루우텐,단백질,물질 아교",2021. 11,수입액 (천달러),94376
"화학물 및 관련제품","달리 명시되지 않은 화학물질 및 제품","화약 및 불꽃제품",2021. 11,수출액 (천달러),7385
"화학물 및 관련제품","달리 명시되지 않은 화학물질 및 제품","화약 및 불꽃제품",2021. 11,수입액 (천달러),2488
"화학물 및 관련제품","달리 명시되지 않은 화학물질 및 제품","광물유첨가제 및 유사품",2021. 11,수출액 (천달러),24686
"화학물 및 관련제품","달리 명시되지 않은 화학물질 및 제품","광물유첨가제 및 유사품",2021. 11,수입액 (천달러),62912
"화학물 및 관련제품","달리 명시되지 않은 화학물질 및 제품","달리 명시되지 않은 화학잡제품",2021. 11,수출액 (천달러),588253
"화학물 및 관련제품","달리 명시되지 않은 화학물질 및 제품","달리 명시되지 않은 화학잡제품",2021. 11,수입액 (천달러),651670
"화학물 및 관련제품","달리 명시되지 않은 화학물질 및 제품","달리 명시되지 않은 화학물질의 폐기물, 도시쓰레기, 오수침전물 및 기타 쓰레기",2021. 11,수출액 (천달러),0
"화학물 및 관련제품","달리 명시되지 않은 화학물질 및 제품","달리 명시되지 않은 화학물질의 폐기물, 도시쓰레기, 오수침전물 및 기타 쓰레기",2021. 11,수입액 (천달러),6451
"재료별 제조제품","소계","소계",2021. 11,수출액 (천달러),7120725
"재료별 제조제품","소계","소계",2021. 11,수입액 (천달러),5464476
"재료별 제조제품","가죽제품 및 손질모피","소계",2021. 11,수출액 (천달러),35514
"재료별 제조제품","가죽제품 및 손질모피","소계",2021. 11,수입액 (천달러),37623
"재료별 제조제품","가죽제품 및 손질모피","가 죽",2021. 11,수출액 (천달러),31583
"재료별 제조제품","가죽제품 및 손질모피","가 죽",2021. 11,수입액 (천달러),21988
"재료별 제조제품","가죽제품 및 손질모피","달리 명시되지 않은 가죽제품",2021. 11,수출액 (천달러),3720
"재료별 제조제품","가죽제품 및 손질모피","달리 명시되지 않은 가죽제품",2021. 11,수입액 (천달러),13290
"재료별 제조제품","가죽제품 및 손질모피","모피(유연처리 또는 완성가공한 것)",2021. 11,수출액 (천달러),211
"재료별 제조제품","가죽제품 및 손질모피","모피(유연처리 또는 완성가공한 것)",2021. 11,수입액 (천달러),2345
"재료별 제조제품","달리 명시되지 않은 고무제품","소계",2021. 11,수출액 (천달러),326267
"재료별 제조제품","달리 명시되지 않은 고무제품","소계",2021. 11,수입액 (천달러),154083
"재료별 제조제품","달리 명시되지 않은 고무제품","고 무",2021. 11,수출액 (천달러),36556
"재료별 제조제품","달리 명시되지 않은 고무제품","고 무",2021. 11,수입액 (천달러),20420
"재료별 제조제품","달리 명시되지 않은 고무제품","고무타이어,호환성타이어 트레드,타이어풀랩 및 인너튜브",2021. 11,수출액 (천달러),243059
"재료별 제조제품","달리 명시되지 않은 고무제품","고무타이어,호환성타이어 트레드,타이어풀랩 및 인너튜브",2021. 11,수입액 (천달러),88644
"재료별 제조제품","달리 명시되지 않은 고무제품","달리 명시되지 않은 고무제품",2021. 11,수출액 (천달러),46653
"재료별 제조제품","달리 명시되지 않은 고무제품","달리 명시되지 않은 고무제품",2021. 11,수입액 (천달러),45020
"재료별 제조제품","코크 및 나무제품","소계",2021. 11,수출액 (천달러),5341
"재료별 제조제품","코크 및 나무제품","소계",2021. 11,수입액 (천달러),120214
"재료별 제조제품","코크 및 나무제품","코르크제품",2021. 11,수출액 (천달러),11
"재료별 제조제품","코크 및 나무제품","코르크제품",2021. 11,수입액 (천달러),206
"재료별 제조제품","코크 및 나무제품","단판,합판,파티클보드 및 달리 명시되지 않은 기타 가공목재",2021. 11,수출액 (천달러),1852
"재료별 제조제품","코크 및 나무제품","단판,합판,파티클보드 및 달리 명시되지 않은 기타 가공목재",2021. 11,수입액 (천달러),89890
"재료별 제조제품","코크 및 나무제품","달리 명시되지 않은 나무제품",2021. 11,수출액 (천달러),3479
"재료별 제조제품","코크 및 나무제품","달리 명시되지 않은 나무제품",2021. 11,수입액 (천달러),30118
"재료별 제조제품","종이,판지 및 펄프","소계",2021. 11,수출액 (천달러),242779
"재료별 제조제품","종이,판지 및 펄프","소계",2021. 11,수입액 (천달러),198144
"재료별 제조제품","종이,판지 및 펄프","종이 및 판지",2021. 11,수출액 (천달러),199656
"재료별 제조제품","종이,판지 및 펄프","종이 및 판지",2021. 11,수입액 (천달러),120329
"재료별 제조제품","종이,판지 및 펄프","종이 및 판지 크기로 재단한 것 및 종이 또는 판지의 제품",2021. 11,수출액 (천달러),43123
"재료별 제조제품","종이,판지 및 펄프","종이 및 판지 크기로 재단한 것 및 종이 또는 판지의 제품",2021. 11,수입액 (천달러),77816
"재료별 제조제품","섬유사,직물,직물제품","소계",2021. 11,수출액 (천달러),793428
"재료별 제조제품","섬유사,직물,직물제품","소계",2021. 11,수입액 (천달러),580039
"재료별 제조제품","섬유사,직물,직물제품","섬유사",2021. 11,수출액 (천달러),130733
"재료별 제조제품","섬유사,직물,직물제품","섬유사",2021. 11,수입액 (천달러),196433
"재료별 제조제품","섬유사,직물,직물제품","면직물(세폭직물 또는 특수직물 제외)",2021. 11,수출액 (천달러),29086
"재료별 제조제품","섬유사,직물,직물제품","면직물(세폭직물 또는 특수직물 제외)",2021. 11,수입액 (천달러),33925
"재료별 제조제품","섬유사,직물,직물제품","인조섬유직물",2021. 11,수출액 (천달러),161016
"재료별 제조제품","섬유사,직물,직물제품","인조섬유직물",2021. 11,수입액 (천달러),42997
"재료별 제조제품","섬유사,직물,직물제품","기타 섬유직물",2021. 11,수출액 (천달러),10175
"재료별 제조제품","섬유사,직물,직물제품","기타 섬유직물",2021. 11,수입액 (천달러),26809
"재료별 제조제품","섬유사,직물,직물제품","달리 명시되지 않은 편직 또는 뜨게질 직물",2021. 11,수출액 (천달러),233344
"재료별 제조제품","섬유사,직물,직물제품","달리 명시되지 않은 편직 또는 뜨게질 직물",2021. 11,수입액 (천달러),18507
"재료별 제조제품","섬유사,직물,직물제품","튤,레이스,자수울,리본,트리밍 및 기타 소비품",2021. 11,수출액 (천달러),17269
"재료별 제조제품","섬유사,직물,직물제품","튤,레이스,자수울,리본,트리밍 및 기타 소비품",2021. 11,수입액 (천달러),6765
"재료별 제조제품","섬유사,직물,직물제품","특수사,직물 및 관련제품",2021. 11,수출액 (천달러),184528
"재료별 제조제품","섬유사,직물,직물제품","특수사,직물 및 관련제품",2021. 11,수입액 (천달러),120018
"재료별 제조제품","섬유사,직물,직물제품","달리 명시되지 않은 주로 섬유물질의 구성 제품",2021. 11,수출액 (천달러),24758
"재료별 제조제품","섬유사,직물,직물제품","달리 명시되지 않은 주로 섬유물질의 구성 제품",2021. 11,수입액 (천달러),121625
"재료별 제조제품","섬유사,직물,직물제품","마루덮개 등",2021. 11,수출액 (천달러),2518
"재료별 제조제품","섬유사,직물,직물제품","마루덮개 등",2021. 11,수입액 (천달러),12960
"재료별 제조제품","달리 명시되지 않은 비금속광물","소계",2021. 11,수출액 (천달러),330508
"재료별 제조제품","달리 명시되지 않은 비금속광물","소계",2021. 11,수입액 (천달러),537166
"재료별 제조제품","달리 명시되지 않은 비금속광물","석회.시멘트 및 조립건축자재",2021. 11,수출액 (천달러),20579
"재료별 제조제품","달리 명시되지 않은 비금속광물","석회.시멘트 및 조립건축자재",2021. 11,수입액 (천달러),79157
"재료별 제조제품","달리 명시되지 않은 비금속광물","점토건설용 및 내화건설용 제품",2021. 11,수출액 (천달러),8460
"재료별 제조제품","달리 명시되지 않은 비금속광물","점토건설용 및 내화건설용 제품",2021. 11,수입액 (천달러),75560
"재료별 제조제품","달리 명시되지 않은 비금속광물","달리 명시되지 않은 광물제품",2021. 11,수출액 (천달러),124846
"재료별 제조제품","달리 명시되지 않은 비금속광물","달리 명시되지 않은 광물제품",2021. 11,수입액 (천달러),125296
"재료별 제조제품","달리 명시되지 않은 비금속광물","유리",2021. 11,수출액 (천달러),141640
"재료별 제조제품","달리 명시되지 않은 비금속광물","유리",2021. 11,수입액 (천달러),169029
"재료별 제조제품","달리 명시되지 않은 비금속광물","유리제",2021. 11,수출액 (천달러),31214
"재료별 제조제품","달리 명시되지 않은 비금속광물","유리제",2021. 11,수입액 (천달러),57387
"재료별 제조제품","달리 명시되지 않은 비금속광물","도자기",2021. 11,수출액 (천달러),1449
"재료별 제조제품","달리 명시되지 않은 비금속광물","도자기",2021. 11,수입액 (천달러),19134
"재료별 제조제품","달리 명시되지 않은 비금속광물","진주(귀석 또는 반귀석,가공하지 아니한 것 또는 가공한 것)",2021. 11,수출액 (천달러),2319
"재료별 제조제품","달리 명시되지 않은 비금속광물","진주(귀석 또는 반귀석,가공하지 아니한 것 또는 가공한 것)",2021. 11,수입액 (천달러),11602
"재료별 제조제품","철 및 강","소계",2021. 11,수출액 (천달러),2918427
"재료별 제조제품","철 및 강","소계",2021. 11,수입액 (천달러),1477137
"재료별 제조제품","철 및 강","선철,경철,해면철,철 또는 강의 입상",2021. 11,수출액 (천달러),128055
"재료별 제조제품","철 및 강","선철,경철,해면철,철 또는 강의 입상",2021. 11,수입액 (천달러),258673
"재료별 제조제품","철 및 강","철 또는 강의 철강괴 및 기타 일차 형태의 것 및 반제품",2021. 11,수출액 (천달러),30688
"재료별 제조제품","철 및 강","철 또는 강의 철강괴 및 기타 일차 형태의 것 및 반제품",2021. 11,수입액 (천달러),112722
"재료별 제조제품","철 및 강","철 또는 비합금강의 평판압연제품",2021. 11,수출액 (천달러),876109
"재료별 제조제품","철 및 강","철 또는 비합금강의 평판압연제품",2021. 11,수입액 (천달러),395911
"재료별 제조제품","철 및 강","철 또는 비합금강의 평판압연제품(클래드,도금 또는 도포한 것)",2021. 11,수출액 (천달러),725044
"재료별 제조제품","철 및 강","철 또는 비합금강의 평판압연제품(클래드,도금 또는 도포한 것)",2021. 11,수입액 (천달러),134584
"재료별 제조제품","철 및 강","합금철의 평판압연제품",2021. 11,수출액 (천달러),450804
"재료별 제조제품","철 및 강","합금철의 평판압연제품",2021. 11,수입액 (천달러),109380
"재료별 제조제품","철 및 강","철강봉,앵글,형강(쉬이트파일링포함)",2021. 11,수출액 (천달러),231955
"재료별 제조제품","철 및 강","철강봉,앵글,형강(쉬이트파일링포함)",2021. 11,수입액 (천달러),305825
"재료별 제조제품","철 및 강","철강의 철도궤조 및 철도궤조 건설자재",2021. 11,수출액 (천달러),468
"재료별 제조제품","철 및 강","철강의 철도궤조 및 철도궤조 건설자재",2021. 11,수입액 (천달러),2546
"재료별 제조제품","철 및 강","철강선",2021. 11,수출액 (천달러),91528
"재료별 제조제품","철 및 강","철강선",2021. 11,수입액 (천달러),30174
"재료별 제조제품","철 및 강","철강의 튜브,파이프 및 중공프로파일과 튜브",2021. 11,수출액 (천달러),383776
"재료별 제조제품","철 및 강","철강의 튜브,파이프 및 중공프로파일과 튜브",2021. 11,수입액 (천달러),127322
"재료별 제조제품","비철금속","소계",2021. 11,수출액 (천달러),1547244
"재료별 제조제품","비철금속","소계",2021. 11,수입액 (천달러),1532629
"재료별 제조제품","비철금속","은,백금 및 기타 백금속의 금속",2021. 11,수출액 (천달러),226277
"재료별 제조제품","비철금속","은,백금 및 기타 백금속의 금속",2021. 11,수입액 (천달러),193341
"재료별 제조제품","비철금속","동",2021. 11,수출액 (천달러),689921
"재료별 제조제품","비철금속","동",2021. 11,수입액 (천달러),477164
"재료별 제조제품","비철금속","닉켈",2021. 11,수출액 (천달러),8849
"재료별 제조제품","비철금속","닉켈",2021. 11,수입액 (천달러),103894
"재료별 제조제품","비철금속","알루미늄",2021. 11,수출액 (천달러),342278
"재료별 제조제품","비철금속","알루미늄",2021. 11,수입액 (천달러),577030
"재료별 제조제품","비철금속","연",2021. 11,수출액 (천달러),125803
"재료별 제조제품","비철금속","연",2021. 11,수입액 (천달러),31760
"재료별 제조제품","비철금속","아연",2021. 11,수출액 (천달러),129797
"재료별 제조제품","비철금속","아연",2021. 11,수입액 (천달러),9359
"재료별 제조제품","비철금속","주석",2021. 11,수출액 (천달러),6278
"재료별 제조제품","비철금속","주석",2021. 11,수입액 (천달러),25915
"재료별 제조제품","비철금속","야금에 사용되는 각종 비철금속 및 서미트",2021. 11,수출액 (천달러),18042
"재료별 제조제품","비철금속","야금에 사용되는 각종 비철금속 및 서미트",2021. 11,수입액 (천달러),114166
"재료별 제조제품","달리 명시되지 않은 금속제품","소계",2021. 11,수출액 (천달러),921217
"재료별 제조제품","달리 명시되지 않은 금속제품","소계",2021. 11,수입액 (천달러),827441
"재료별 제조제품","달리 명시되지 않은 금속제품","달리 명시되지 않은 철강 및 알루미늄의 구조물 및 구조물",2021. 11,수출액 (천달러),119319
"재료별 제조제품","달리 명시되지 않은 금속제품","달리 명시되지 않은 철강 및 알루미늄의 구조물 및 구조물",2021. 11,수입액 (천달러),88361
"재료별 제조제품","달리 명시되지 않은 금속제품","저장 및 수송용 용기",2021. 11,수출액 (천달러),62962
"재료별 제조제품","달리 명시되지 않은 금속제품","저장 및 수송용 용기",2021. 11,수입액 (천달러),83320
"재료별 제조제품","달리 명시되지 않은 금속제품","선제품 및 울타리 그릴",2021. 11,수출액 (천달러),51415
"재료별 제조제품","달리 명시되지 않은 금속제품","선제품 및 울타리 그릴",2021. 11,수입액 (천달러),32412
"재료별 제조제품","달리 명시되지 않은 금속제품","철강,동 또는 알루미늄제의 못,나사,너트,볼트,리베트 및 유사제품",2021. 11,수출액 (천달러),86644
"재료별 제조제품","달리 명시되지 않은 금속제품","철강,동 또는 알루미늄제의 못,나사,너트,볼트,리베트 및 유사제품",2021. 11,수입액 (천달러),53663
"재료별 제조제품","달리 명시되지 않은 금속제품","수공구 및 기계용공구",2021. 11,수출액 (천달러),164014
"재료별 제조제품","달리 명시되지 않은 금속제품","수공구 및 기계용공구",2021. 11,수입액 (천달러),76931
"재료별 제조제품","달리 명시되지 않은 금속제품","날붙이",2021. 11,수출액 (천달러),9368
"재료별 제조제품","달리 명시되지 않은 금속제품","날붙이",2021. 11,수입액 (천달러),18458
"재료별 제조제품","달리 명시되지 않은 금속제품","달리 명시되지 않은 금속제의 가정용 장비",2021. 11,수출액 (천달러),36023
"재료별 제조제품","달리 명시되지 않은 금속제품","달리 명시되지 않은 금속제의 가정용 장비",2021. 11,수입액 (천달러),64693
"재료별 제조제품","달리 명시되지 않은 금속제품","달리 명시되지 않은 비금속제의 제품",2021. 11,수출액 (천달러),391471
"재료별 제조제품","달리 명시되지 않은 금속제품","달리 명시되지 않은 비금속제의 제품",2021. 11,수입액 (천달러),409603
"기계 및 운수장비","소계","소계",2021. 11,수출액 (천달러),33967632
"기계 및 운수장비","소계","소계",2021. 11,수입액 (천달러),18875674
"기계 및 운수장비","원동기기 및 설비","소계",2021. 11,수출액 (천달러),743145
"기계 및 운수장비","원동기기 및 설비","소계",2021. 11,수입액 (천달러),850182
"기계 및 운수장비","원동기기 및 설비","증기발생보일러 및 보일러실 장치",2021. 11,수출액 (천달러),16802
"기계 및 운수장비","원동기기 및 설비","증기발생보일러 및 보일러실 장치",2021. 11,수입액 (천달러),10494
"기계 및 운수장비","원동기기 및 설비","증기터어빈 및 달리 명시되지 않은 동부분품",2021. 11,수출액 (천달러),1892
"기계 및 운수장비","원동기기 및 설비","증기터어빈 및 달리 명시되지 않은 동부분품",2021. 11,수입액 (천달러),10074
"기계 및 운수장비","원동기기 및 설비","달리 명시되지 않은 내연 피스톤기관 및 동부분품",2021. 11,수출액 (천달러),399632
"기계 및 운수장비","원동기기 및 설비","달리 명시되지 않은 내연 피스톤기관 및 동부분품",2021. 11,수입액 (천달러),180361
"기계 및 운수장비","원동기기 및 설비","기관 및 모터,비전기식:달리 명시되지 않은 기관",2021. 11,수출액 (천달러),63504
"기계 및 운수장비","원동기기 및 설비","기관 및 모터,비전기식:달리 명시되지 않은 기관",2021. 11,수입액 (천달러),88527
"기계 및 운수장비","원동기기 및 설비","달리 명시되지 않은 회전전기장치 및 그 부분품",2021. 11,수출액 (천달러),154887
"기계 및 운수장비","원동기기 및 설비","달리 명시되지 않은 회전전기장치 및 그 부분품",2021. 11,수입액 (천달러),518077
"기계 및 운수장비","원동기기 및 설비","달리 명시되지 않은 기타 동력발생기계 및 부분품",2021. 11,수출액 (천달러),106428
"기계 및 운수장비","원동기기 및 설비","달리 명시되지 않은 기타 동력발생기계 및 부분품",2021. 11,수입액 (천달러),42650
"기계 및 운수장비","특수산업용 기계","소계",2021. 11,수출액 (천달러),2302838
"기계 및 운수장비","특수산업용 기계","소계",2021. 11,수입액 (천달러),2208469
"기계 및 운수장비","특수산업용 기계","농업용 기계 및 그 부분품",2021. 11,수출액 (천달러),10883
"기계 및 운수장비","특수산업용 기계","농업용 기계 및 그 부분품",2021. 11,수입액 (천달러),16944
"기계 및 운수장비","특수산업용 기계","트랙터",2021. 11,수출액 (천달러),101786
"기계 및 운수장비","특수산업용 기계","트랙터",2021. 11,수입액 (천달러),11218
"기계 및 운수장비","특수산업용 기계","토목공사용 장치",2021. 11,수출액 (천달러),546256
"기계 및 운수장비","특수산업용 기계","토목공사용 장치",2021. 11,수입액 (천달러),82516
"기계 및 운수장비","특수산업용 기계","섬유 및 가죽용 기계류 및 달리 명시되지 않은 동부분품",2021. 11,수출액 (천달러),211634
"기계 및 운수장비","특수산업용 기계","섬유 및 가죽용 기계류 및 달리 명시되지 않은 동부분품",2021. 11,수입액 (천달러),84700
"기계 및 운수장비","특수산업용 기계","종이제조 및 펄프제조기계",2021. 11,수출액 (천달러),13523
"기계 및 운수장비","특수산업용 기계","종이제조 및 펄프제조기계",2021. 11,수입액 (천달러),11353
"기계 및 운수장비","특수산업용 기계","인쇄 및 제본용기계 및 그들의 부분품",2021. 11,수출액 (천달러),10386
"기계 및 운수장비","특수산업용 기계","인쇄 및 제본용기계 및 그들의 부분품",2021. 11,수입액 (천달러),25846
"기계 및 운수장비","특수산업용 기계","식품가공기계(가정용 제외)",2021. 11,수출액 (천달러),5425
"기계 및 운수장비","특수산업용 기계","식품가공기계(가정용 제외)",2021. 11,수입액 (천달러),19549
"기계 및 운수장비","특수산업용 기계","특수산업용 기타 기계기구 및 달리 명시되지 않은 동부분품",2021. 11,수출액 (천달러),1402944
"기계 및 운수장비","특수산업용 기계","특수산업용 기타 기계기구 및 달리 명시되지 않은 동부분품",2021. 11,수입액 (천달러),1956344
"기계 및 운수장비","금속공작용 기계","소계",2021. 11,수출액 (천달러),280194
"기계 및 운수장비","금속공작용 기계","소계",2021. 11,수입액 (천달러),136279
"기계 및 운수장비","금속공작용 기계","금속 또는 기타재료의 절삭방식에 의한 가공공작기계",2021. 11,수출액 (천달러),145615
"기계 및 운수장비","금속공작용 기계","금속 또는 기타재료의 절삭방식에 의한 가공공작기계",2021. 11,수입액 (천달러),62859
"기계 및 운수장비","금속공작용 기계","금속,소결한 금속탄화물 또는 서어미트의 가공기계",2021. 11,수출액 (천달러),43066
"기계 및 운수장비","금속공작용 기계","금속,소결한 금속탄화물 또는 서어미트의 가공기계",2021. 11,수입액 (천달러),28290
"기계 및 운수장비","금속공작용 기계","731항 및 733항의 기계 전용 또는 주로 사용되는 부분품",2021. 11,수출액 (천달러),31059
"기계 및 운수장비","금속공작용 기계","731항 및 733항의 기계 전용 또는 주로 사용되는 부분품",2021. 11,수입액 (천달러),13203
"기계 및 운수장비","금속공작용 기계","금속공작기계,달리 명시되지 않은 동 부분품",2021. 11,수출액 (천달러),60454
"기계 및 운수장비","금속공작용 기계","금속공작기계,달리 명시되지 않은 동 부분품",2021. 11,수입액 (천달러),31928
"기계 및 운수장비","산업용 일반기계 및 장비","소계",2021. 11,수출액 (천달러),1821958
"기계 및 운수장비","산업용 일반기계 및 장비","소계",2021. 11,수입액 (천달러),1454258
"기계 및 운수장비","산업용 일반기계 및 장비","가열 및 냉각장치,달리 명시되지 않은 동 부분품",2021. 11,수출액 (천달러),458922
"기계 및 운수장비","산업용 일반기계 및 장비","가열 및 냉각장치,달리 명시되지 않은 동 부분품",2021. 11,수입액 (천달러),197710
"기계 및 운수장비","산업용 일반기계 및 장비","액체펌프와 액체엘리베이터",2021. 11,수출액 (천달러),104115
"기계 및 운수장비","산업용 일반기계 및 장비","액체펌프와 액체엘리베이터",2021. 11,수입액 (천달러),130091
"기계 및 운수장비","산업용 일반기계 및 장비","액체용 이외의 펌프,공기 또는 개스입축기 및 선풍기",2021. 11,수출액 (천달러),462950
"기계 및 운수장비","산업용 일반기계 및 장비","액체용 이외의 펌프,공기 또는 개스입축기 및 선풍기",2021. 11,수입액 (천달러),325709
"기계 및 운수장비","산업용 일반기계 및 장비","기계식 취급장치 및 달리 명시되지 않은 동 부분품",2021. 11,수출액 (천달러),235589
"기계 및 운수장비","산업용 일반기계 및 장비","기계식 취급장치 및 달리 명시되지 않은 동 부분품",2021. 11,수입액 (천달러),220457
"기계 및 운수장비","산업용 일반기계 및 장비","기타 비전기식 기계기기 및 장치",2021. 11,수출액 (천달러),61785
"기계 및 운수장비","산업용 일반기계 및 장비","기타 비전기식 기계기기 및 장치",2021. 11,수입액 (천달러),84079
"기계 및 운수장비","산업용 일반기계 및 장비","보올 베어링 또는 로울러 베어링",2021. 11,수출액 (천달러),77004
"기계 및 운수장비","산업용 일반기계 및 장비","보올 베어링 또는 로울러 베어링",2021. 11,수입액 (천달러),90753
"기계 및 운수장비","산업용 일반기계 및 장비","파이프.보일러의 동체.탱크.배트 등에 사용하는 탭",2021. 11,수출액 (천달러),162602
"기계 및 운수장비","산업용 일반기계 및 장비","파이프.보일러의 동체.탱크.배트 등에 사용하는 탭",2021. 11,수입액 (천달러),242000
"기계 및 운수장비","산업용 일반기계 및 장비","전동축",2021. 11,수출액 (천달러),121798
"기계 및 운수장비","산업용 일반기계 및 장비","전동축",2021. 11,수입액 (천달러),117193
"기계 및 운수장비","산업용 일반기계 및 장비","달리 명시되지 않은 비전기식 기계류의 부분품 및 부속품",2021. 11,수출액 (천달러),137195
"기계 및 운수장비","산업용 일반기계 및 장비","달리 명시되지 않은 비전기식 기계류의 부분품 및 부속품",2021. 11,수입액 (천달러),46265
"기계 및 운수장비","사무용 기계 및 자동자료 처리장치","소계",2021. 11,수출액 (천달러),1585653
"기계 및 운수장비","사무용 기계 및 자동자료 처리장치","소계",2021. 11,수입액 (천달러),1312971
"기계 및 운수장비","사무용 기계 및 자동자료 처리장치","사무용기계",2021. 11,수출액 (천달러),84878
"기계 및 운수장비","사무용 기계 및 자동자료 처리장치","사무용기계",2021. 11,수입액 (천달러),101867
"기계 및 운수장비","사무용 기계 및 자동자료 처리장치","자동자료처리기계",2021. 11,수출액 (천달러),66889
"기계 및 운수장비","사무용 기계 및 자동자료 처리장치","자동자료처리기계",2021. 11,수입액 (천달러),771484
"기계 및 운수장비","사무용 기계 및 자동자료 처리장치","751항 및 752항 기계전용 부분품",2021. 11,수출액 (천달러),1433886
"기계 및 운수장비","사무용 기계 및 자동자료 처리장치","751항 및 752항 기계전용 부분품",2021. 11,수입액 (천달러),439620
"기계 및 운수장비","통신 및 녹음기기","소계",2021. 11,수출액 (천달러),3643211
"기계 및 운수장비","통신 및 녹음기기","소계",2021. 11,수입액 (천달러),2218236
"기계 및 운수장비","통신 및 녹음기기","텔레비젼 수상기",2021. 11,수출액 (천달러),74517
"기계 및 운수장비","통신 및 녹음기기","텔레비젼 수상기",2021. 11,수입액 (천달러),270048
"기계 및 운수장비","통신 및 녹음기기","라디오방송용 수신기기",2021. 11,수출액 (천달러),30027
"기계 및 운수장비","통신 및 녹음기기","라디오방송용 수신기기",2021. 11,수입액 (천달러),6894
"기계 및 운수장비","통신 및 녹음기기","녹음기와 음성 재생기",2021. 11,수출액 (천달러),14834
"기계 및 운수장비","통신 및 녹음기기","녹음기와 음성 재생기",2021. 11,수입액 (천달러),11201
"기계 및 운수장비","통신 및 녹음기기","달리 명시되지 않은 통신장비",2021. 11,수출액 (천달러),3523834
"기계 및 운수장비","통신 및 녹음기기","달리 명시되지 않은 통신장비",2021. 11,수입액 (천달러),1930093
"기계 및 운수장비","전기기계장치와 기기","소계",2021. 11,수출액 (천달러),14194881
"기계 및 운수장비","전기기계장치와 기기","소계",2021. 11,수입액 (천달러),8486844
"기계 및 운수장비","전기기계장치와 기기","달리 명시되지 않은 전력기기 및 부분품",2021. 11,수출액 (천달러),204206
"기계 및 운수장비","전기기계장치와 기기","달리 명시되지 않은 전력기기 및 부분품",2021. 11,수입액 (천달러),286129
"기계 및 운수장비","전기기계장치와 기기","전기회로의 개폐용,보호용,접속용기기",2021. 11,수출액 (천달러),1097881
"기계 및 운수장비","전기기계장치와 기기","전기회로의 개폐용,보호용,접속용기기",2021. 11,수입액 (천달러),798980
"기계 및 운수장비","전기기계장치와 기기","달리 명시되지 않은 배전용 장비",2021. 11,수출액 (천달러),322450
"기계 및 운수장비","전기기계장치와 기기","달리 명시되지 않은 배전용 장비",2021. 11,수입액 (천달러),315743
"기계 및 운수장비","전기기계장치와 기기","전기식 진단용 기기",2021. 11,수출액 (천달러),169627
"기계 및 운수장비","전기기계장치와 기기","전기식 진단용 기기",2021. 11,수입액 (천달러),87687
"기계 및 운수장비","전기기계장치와 기기","달리 명시되지 않은 가정용 전기 및 비전기장비",2021. 11,수출액 (천달러),444456
"기계 및 운수장비","전기기계장치와 기기","달리 명시되지 않은 가정용 전기 및 비전기장비",2021. 11,수입액 (천달러),329511
"기계 및 운수장비","전기기계장치와 기기","열전자관,냉음극관 및 광전과",2021. 11,수출액 (천달러),10734734
"기계 및 운수장비","전기기계장치와 기기","열전자관,냉음극관 및 광전과",2021. 11,수입액 (천달러),5673195
"기계 및 운수장비","전기기계장치와 기기","달리 명시되지 않은 전기기계 및 장치",2021. 11,수출액 (천달러),1221527
"기계 및 운수장비","전기기계장치와 기기","달리 명시되지 않은 전기기계 및 장치",2021. 11,수입액 (천달러),995600
"기계 및 운수장비","도로 주행 차량","소계",2021. 11,수출액 (천달러),5720974
"기계 및 운수장비","도로 주행 차량","소계",2021. 11,수입액 (천달러),1541102
"기계 및 운수장비","도로 주행 차량","승용자동차 및 기타의 차량",2021. 11,수출액 (천달러),3926793
"기계 및 운수장비","도로 주행 차량","승용자동차 및 기타의 차량",2021. 11,수입액 (천달러),983966
"기계 및 운수장비","도로 주행 차량","화물자동차 및 특수목적차량",2021. 11,수출액 (천달러),132424
"기계 및 운수장비","도로 주행 차량","화물자동차 및 특수목적차량",2021. 11,수입액 (천달러),69626
"기계 및 운수장비","도로 주행 차량","달리 명시되지 않은 도로주행차량",2021. 11,수출액 (천달러),53595
"기계 및 운수장비","도로 주행 차량","달리 명시되지 않은 도로주행차량",2021. 11,수입액 (천달러),26915
"기계 및 운수장비","도로 주행 차량","722,781,782 및 783항 차량의 부분품 및 부속품",2021. 11,수출액 (천달러),1572609
"기계 및 운수장비","도로 주행 차량","722,781,782 및 783항 차량의 부분품 및 부속품",2021. 11,수입액 (천달러),342413
"기계 및 운수장비","도로 주행 차량","자동이륜차 및 자전거(동력과 비동력의 것),환자운반구",2021. 11,수출액 (천달러),4836
"기계 및 운수장비","도로 주행 차량","자동이륜차 및 자전거(동력과 비동력의 것),환자운반구",2021. 11,수입액 (천달러),72801
"기계 및 운수장비","도로 주행 차량","트레일러 및 세미트레일러",2021. 11,수출액 (천달러),30717
"기계 및 운수장비","도로 주행 차량","트레일러 및 세미트레일러",2021. 11,수입액 (천달러),45380
"기계 및 운수장비","기타 수송장비","소계",2021. 11,수출액 (천달러),3674778
"기계 및 운수장비","기타 수송장비","소계",2021. 11,수입액 (천달러),667334
"기계 및 운수장비","기타 수송장비","철도차량 및 관련장비",2021. 11,수출액 (천달러),116269
"기계 및 운수장비","기타 수송장비","철도차량 및 관련장비",2021. 11,수입액 (천달러),12875
"기계 및 운수장비","기타 수송장비","항공기 및 관련장비 우주선",2021. 11,수출액 (천달러),108287
"기계 및 운수장비","기타 수송장비","항공기 및 관련장비 우주선",2021. 11,수입액 (천달러),548038
"기계 및 운수장비","기타 수송장비","선박,보트 및 부유구조물",2021. 11,수출액 (천달러),3450222
"기계 및 운수장비","기타 수송장비","선박,보트 및 부유구조물",2021. 11,수입액 (천달러),106421
"기타 제조제품","소계","소계",2021. 11,수출액 (천달러),4478052
"기타 제조제품","소계","소계",2021. 11,수입액 (천달러),5314339
"기타 제조제품","조립식건축물 달리 명시되지 않은 위생,연관 및 부착물","소계",2021. 11,수출액 (천달러),41485
"기타 제조제품","조립식건축물 달리 명시되지 않은 위생,연관 및 부착물","소계",2021. 11,수입액 (천달러),105846
"기타 제조제품","조립식건축물 달리 명시되지 않은 위생,연관 및 부착물","조립식건축물",2021. 11,수출액 (천달러),3698
"기타 제조제품","조립식건축물 달리 명시되지 않은 위생,연관 및 부착물","조립식건축물",2021. 11,수입액 (천달러),2112
"기타 제조제품","조립식건축물 달리 명시되지 않은 위생,연관 및 부착물","달리 명시되지 않은 위생,연관,난방 조명장치 및 부착물",2021. 11,수출액 (천달러),17900
"기타 제조제품","조립식건축물 달리 명시되지 않은 위생,연관 및 부착물","달리 명시되지 않은 위생,연관,난방 조명장치 및 부착물",2021. 11,수입액 (천달러),25585
"기타 제조제품","조립식건축물 달리 명시되지 않은 위생,연관 및 부착물","달리 명시하지 않은 조명시설 및 조명기구",2021. 11,수출액 (천달러),19887
"기타 제조제품","조립식건축물 달리 명시되지 않은 위생,연관 및 부착물","달리 명시하지 않은 조명시설 및 조명기구",2021. 11,수입액 (천달러),78148
"기타 제조제품","가구 및 부분품;침대,에트리스,쿠션","소계",2021. 11,수출액 (천달러),97262
"기타 제조제품","가구 및 부분품;침대,에트리스,쿠션","소계",2021. 11,수입액 (천달러),289911
"기타 제조제품","가구 및 부분품;침대,에트리스,쿠션","가구 및 그 부분품",2021. 11,수출액 (천달러),97262
"기타 제조제품","가구 및 부분품;침대,에트리스,쿠션","가구 및 그 부분품",2021. 11,수입액 (천달러),289911
"기타 제조제품","여행용,핸드백 및 유사용기","소계",2021. 11,수출액 (천달러),27589
"기타 제조제품","여행용,핸드백 및 유사용기","소계",2021. 11,수입액 (천달러),335915
"기타 제조제품","여행용,핸드백 및 유사용기","트렁크,슈트케이스,화장품케이스등",2021. 11,수출액 (천달러),27589
"기타 제조제품","여행용,핸드백 및 유사용기","트렁크,슈트케이스,화장품케이스등",2021. 11,수입액 (천달러),335915
"기타 제조제품","의복제품 및 의복부속품","소계",2021. 11,수출액 (천달러),223571
"기타 제조제품","의복제품 및 의복부속품","소계",2021. 11,수입액 (천달러),1128810
"기타 제조제품","의복제품 및 의복부속품","남자 또는 소년용의 코트.자켓",2021. 11,수출액 (천달러),12630
"기타 제조제품","의복제품 및 의복부속품","남자 또는 소년용의 코트.자켓",2021. 11,수입액 (천달러),219918
"기타 제조제품","의복제품 및 의복부속품","여자용 코트.자켓.슈트.브레이저",2021. 11,수출액 (천달러),32375
"기타 제조제품","의복제품 및 의복부속품","여자용 코트.자켓.슈트.브레이저",2021. 11,수입액 (천달러),291026
"기타 제조제품","의복제품 및 의복부속품","남자 또는 소년용의 코트 및 이와 유사한 의류",2021. 11,수출액 (천달러),11152
"기타 제조제품","의복제품 및 의복부속품","남자 또는 소년용의 코트 및 이와 유사한 의류",2021. 11,수입액 (천달러),65771
"기타 제조제품","의복제품 및 의복부속품","여자 또는 소녀용의 코트,케이프,자켓,슈트 브레이저",2021. 11,수출액 (천달러),10697
"기타 제조제품","의복제품 및 의복부속품","여자 또는 소녀용의 코트,케이프,자켓,슈트 브레이저",2021. 11,수입액 (천달러),73400
"기타 제조제품","의복제품 및 의복부속품","달리 명시되지 않은 직물제의 의복제품",2021. 11,수출액 (천달러),51063
"기타 제조제품","의복제품 및 의복부속품","달리 명시되지 않은 직물제의 의복제품",2021. 11,수입액 (천달러),337126
"기타 제조제품","의복제품 및 의복부속품","직물제의 의복 악세사리(어린이용 제외)",2021. 11,수출액 (천달러),81983
"기타 제조제품","의복제품 및 의복부속품","직물제의 의복 악세사리(어린이용 제외)",2021. 11,수입액 (천달러),61177
"기타 제조제품","의복제품 및 의복부속품","의류와 의류부속품(직물제 제외)",2021. 11,수출액 (천달러),23671
"기타 제조제품","의복제품 및 의복부속품","의류와 의류부속품(직물제 제외)",2021. 11,수입액 (천달러),80392
"기타 제조제품","신발","소계",2021. 11,수출액 (천달러),40932
"기타 제조제품","신발","소계",2021. 11,수입액 (천달러),284635
"기타 제조제품","신발","신발",2021. 11,수출액 (천달러),40932
"기타 제조제품","신발","신발",2021. 11,수입액 (천달러),284635
"기타 제조제품","달리 명시되지 않은 전문,과학,통제기구 및 장치","소계",2021. 11,수출액 (천달러),1294399
"기타 제조제품","달리 명시되지 않은 전문,과학,통제기구 및 장치","소계",2021. 11,수입액 (천달러),1437583
"기타 제조제품","달리 명시되지 않은 전문,과학,통제기구 및 장치","달리 명시되지 않은 광학기구 및 장치",2021. 11,수출액 (천달러),667352
"기타 제조제품","달리 명시되지 않은 전문,과학,통제기구 및 장치","달리 명시되지 않은 광학기구 및 장치",2021. 11,수입액 (천달러),165782
"기타 제조제품","달리 명시되지 않은 전문,과학,통제기구 및 장치","달리 명시되지 않은 의료용,외과용,치과용이나 수의용의 기기",2021. 11,수출액 (천달러),140568
"기타 제조제품","달리 명시되지 않은 전문,과학,통제기구 및 장치","달리 명시되지 않은 의료용,외과용,치과용이나 수의용의 기기",2021. 11,수입액 (천달러),234179
"기타 제조제품","달리 명시되지 않은 전문,과학,통제기구 및 장치","달리 명시되지 않은 계기",2021. 11,수출액 (천달러),12541
"기타 제조제품","달리 명시되지 않은 전문,과학,통제기구 및 장치","달리 명시되지 않은 계기",2021. 11,수입액 (천달러),13450
"기타 제조제품","달리 명시되지 않은 전문,과학,통제기구 및 장치","달리 명시되지 않은 측정,검사,분석 통제기구 및 장치",2021. 11,수출액 (천달러),473938
"기타 제조제품","달리 명시되지 않은 전문,과학,통제기구 및 장치","달리 명시되지 않은 측정,검사,분석 통제기구 및 장치",2021. 11,수입액 (천달러),1024172
"기타 제조제품","달리 명시되지 않은 사진장치 및 광학용품 휴대시계 및 큰시계","소계",2021. 11,수출액 (천달러),548776
"기타 제조제품","달리 명시되지 않은 사진장치 및 광학용품 휴대시계 및 큰시계","소계",2021. 11,수입액 (천달러),532605
"기타 제조제품","달리 명시되지 않은 사진장치 및 광학용품 휴대시계 및 큰시계","달리 명시되지 않은 사진장치 및 장비",2021. 11,수출액 (천달러),6689
"기타 제조제품","달리 명시되지 않은 사진장치 및 광학용품 휴대시계 및 큰시계","달리 명시되지 않은 사진장치 및 장비",2021. 11,수입액 (천달러),9435
"기타 제조제품","달리 명시되지 않은 사진장치 및 광학용품 휴대시계 및 큰시계","사진 및 영화비품",2021. 11,수출액 (천달러),110953
"기타 제조제품","달리 명시되지 않은 사진장치 및 광학용품 휴대시계 및 큰시계","사진 및 영화비품",2021. 11,수입액 (천달러),104591
"기타 제조제품","달리 명시되지 않은 사진장치 및 광학용품 휴대시계 및 큰시계","영화필름",2021. 11,수입액 (천달러),1
"기타 제조제품","달리 명시되지 않은 사진장치 및 광학용품 휴대시계 및 큰시계","달리 명시되지 않은 광학용품",2021. 11,수출액 (천달러),422066
"기타 제조제품","달리 명시되지 않은 사진장치 및 광학용품 휴대시계 및 큰시계","달리 명시되지 않은 광학용품",2021. 11,수입액 (천달러),321875
"기타 제조제품","달리 명시되지 않은 사진장치 및 광학용품 휴대시계 및 큰시계","휴대용시계 및 큰시계",2021. 11,수출액 (천달러),9067
"기타 제조제품","달리 명시되지 않은 사진장치 및 광학용품 휴대시계 및 큰시계","휴대용시계 및 큰시계",2021. 11,수입액 (천달러),96703
"기타 제조제품","달리 분류되지 않은 잡제품","소계",2021. 11,수출액 (천달러),2204040
"기타 제조제품","달리 분류되지 않은 잡제품","소계",2021. 11,수입액 (천달러),1199034
"기타 제조제품","달리 분류되지 않은 잡제품","무기 및 실탄",2021. 11,수출액 (천달러),105656
"기타 제조제품","달리 분류되지 않은 잡제품","무기 및 실탄",2021. 11,수입액 (천달러),8986
"기타 제조제품","달리 분류되지 않은 잡제품","인쇄물",2021. 11,수출액 (천달러),32830
"기타 제조제품","달리 분류되지 않은 잡제품","인쇄물",2021. 11,수입액 (천달러),32099
"기타 제조제품","달리 분류되지 않은 잡제품","달리 명시되지않은 플라스틱제의 물품",2021. 11,수출액 (천달러),378569
"기타 제조제품","달리 분류되지 않은 잡제품","달리 명시되지않은 플라스틱제의 물품",2021. 11,수입액 (천달러),287247
"기타 제조제품","달리 분류되지 않은 잡제품","유모차,장난감,게임 및 운동용품",2021. 11,수출액 (천달러),49615
"기타 제조제품","달리 분류되지 않은 잡제품","유모차,장난감,게임 및 운동용품",2021. 11,수입액 (천달러),281827
"기타 제조제품","달리 분류되지 않은 잡제품","달리 명시되지 않은 사무 및 문구용품",2021. 11,수출액 (천달러),18824
"기타 제조제품","달리 분류되지 않은 잡제품","달리 명시되지 않은 사무 및 문구용품",2021. 11,수입액 (천달러),22904
"기타 제조제품","달리 분류되지 않은 잡제품","예술품 수집가의 수집물 및 골동품",2021. 11,수출액 (천달러),5443
"기타 제조제품","달리 분류되지 않은 잡제품","예술품 수집가의 수집물 및 골동품",2021. 11,수입액 (천달러),60115
"기타 제조제품","달리 분류되지 않은 잡제품","신변장식용품.금세공품과 은세공품 및 기타의 귀석제품",2021. 11,수출액 (천달러),61223
"기타 제조제품","달리 분류되지 않은 잡제품","신변장식용품.금세공품과 은세공품 및 기타의 귀석제품",2021. 11,수입액 (천달러),94877
"기타 제조제품","달리 분류되지 않은 잡제품","악기 및 그 부분품과 부속품 ; 레코드,테이프",2021. 11,수출액 (천달러),1445876
"기타 제조제품","달리 분류되지 않은 잡제품","악기 및 그 부분품과 부속품 ; 레코드,테이프",2021. 11,수입액 (천달러),243793
"기타 제조제품","달리 분류되지 않은 잡제품","달리 명시되지 않은 잡제품",2021. 11,수출액 (천달러),106004
"기타 제조제품","달리 분류되지 않은 잡제품","달리 명시되지 않은 잡제품",2021. 11,수입액 (천달러),167186
"달리 분류되지 않은 상품 및 취급물","소계","소계",2021. 11,수출액 (천달러),67776
"달리 분류되지 않은 상품 및 취급물","소계","소계",2021. 11,수입액 (천달러),172403
"달리 분류되지 않은 상품 및 취급물","주화(금화 및 법화 제외)","소계",2021. 11,수출액 (천달러),6
"달리 분류되지 않은 상품 및 취급물","주화(금화 및 법화 제외)","소계",2021. 11,수입액 (천달러),68
"달리 분류되지 않은 상품 및 취급물","주화(금화 및 법화 제외)","주화(금화 및 법화제외)",2021. 11,수출액 (천달러),6
"달리 분류되지 않은 상품 및 취급물","주화(금화 및 법화 제외)","주화(금화 및 법화제외)",2021. 11,수입액 (천달러),68
"달리 분류되지 않은 상품 및 취급물","금(금광 및 그정광 제외)","소계",2021. 11,수출액 (천달러),62328
"달리 분류되지 않은 상품 및 취급물","금(금광 및 그정광 제외)","소계",2021. 11,수입액 (천달러),170780
"달리 분류되지 않은 상품 및 취급물","금(금광 및 그정광 제외)","금(금광 및 그정광제외) ; 화폐용이 아닌것",2021. 11,수출액 (천달러),62328
"달리 분류되지 않은 상품 및 취급물","금(금광 및 그정광 제외)","금(금광 및 그정광제외) ; 화폐용이 아닌것",2021. 11,수입액 (천달러),170780
"달리 분류되지 않은 상품 및 취급물","달리 분류되지 않은 상품및 취급물","소계",2021. 11,수출액 (천달러),5441
"달리 분류되지 않은 상품 및 취급물","달리 분류되지 않은 상품및 취급물","소계",2021. 11,수입액 (천달러),1556
"달리 분류되지 않은 상품 및 취급물","달리 분류되지 않은 상품및 취급물","분류불능의 소액물품",2021. 11,수출액 (천달러),2633
"달리 분류되지 않은 상품 및 취급물","달리 분류되지 않은 상품및 취급물","분류불능의 소액물품",2021. 11,수입액 (천달러),1556
"달리 분류되지 않은 상품 및 취급물","달리 분류되지 않은 상품및 취급물","화폐용의금,금화및경화",2021. 11,수출액 (천달러),2809